feature,gain
ext_v_x_mov_h,244601184.6770851
mov_h,100691960.8871376
shift_km,57998216.401190184
hour_start,17903625.689115904
ext_v_mean,8969106.067447662
haul_road_enters,7659628.766551971
idle_h,7049399.158843994
ext_v_x_ign_h,6763446.632924652
veh_shift_std_acons,6750888.485407257
day_of_month,6121249.484318542
km_per_cycle,6059137.565253449
ign_h,5663987.676017761
veh_shift_mean_acons,4964969.5573066715
total_climb_m,4435989.028170014
veh_mean_km,4350025.419763183
altitude_mean,4138445.624227905
distance_per_dump,4041600.499143219
hour_end,4008661.99344635
frac_haul_road,4007673.2719161985
load_zone_h,3584422.1312843324
total_descent_m,3569163.5760910036
avg_satellites,3527527.486608124
exc_prox_h,3518450.5447738646
axis_y_std,3490177.574353027
battery_mean,3475234.531743622
km_per_climb_m,3178846.6247665407
loading_visits,3091077.0773620605
vibration,3044652.0973205566
altitude_max,3006133.0906646727
haul_road_h,2999403.471936798
n_pings,2988338.4825515747
axis_x_std,2944812.4178482057
altitude_std,2927073.932241821
avg_hdop,2749153.0410194397
week_number,2414799.8401390077
altitude_range,2300675.936869049
dump_zone_h,2280195.7416526796
speed_std,2257855.0736381533
frac_exc_prox,2161702.416899109
load_zone_enters,2122979.2074676515
stop_count,2069214.6431037902
climb_descent_ratio,1955758.535359192
rom_stock_h,1916156.6084793091
altitude_min,1908834.0755958557
speed_cv,1892467.0049987794
km_per_hour,1821439.8659080504
idle_fraction,1810494.7559677125
axis_z_std,1810483.449507904
speed_mean,1748727.0516265868
frac_load_zone,1721114.5599777221
net_lift,1629740.9542892457
day_of_week,1584168.9072181701
veh_mean_climb,1567937.7277542115
stop_density,1559649.7952949523
haul_cycles,1542727.2701538086
dump_zone_enters,1471965.5593780517
ext_v_max,1459817.6403396607
veh_std_km,1325496.3494674682
frac_dump_zone,1214664.2673568726
shift_enc,1115065.4245056151
veh_mean_ign_h,1065823.1805465699
speed_max,1021943.1203079224
veh_mean_cycles,946858.5546264648
ob_dump_h,884424.5968391418
veh_mean_idle_frac,874912.9986251831
speed_p90,732173.616204834
speed_p50,599422.62555542
speed_p75,593661.6926315308
refuel_liters_rp0,484342.7407295227
hrs_since_refuel_rp0,202817.0952682495
month,70180.89115753173
refuel_max_rp0,63347.49862594604
dump_count_sig,53207.40955657959
dump_high_h,49816.74981842041
hrs_since_refuel_rp2,46043.924743652344
is_weekend,26293.558489990235
refuel_count_rp0,15294.420941162109
refuel_liters_rp2,11321.475129699707
refuel_max_rp2,8467.225975036621
hrs_since_refuel_rm2,6805.2658020019535
refuel_liters_rm2,1327.5732299804688
refuel_max_rm2,775.41201171875
refuel_count_rp2,351.939990234375
refuel_count_rm2,0.0
