id,acons
0,31.895999999999994
1,67.08813333333335
2,67.08813333333335
3,6.448000000000002
4,67.08813333333335
5,67.08813333333335
6,6.448000000000002
7,67.08813333333335
8,71.8342105263158
9,24.26
10,67.08813333333335
11,67.08813333333335
12,32.440909090909095
13,24.26
14,32.440909090909095
15,0.0
16,32.440909090909095
17,67.08813333333335
18,0.0
19,34.5958409129921
20,36.30885981591781
21,31.895999999999994
22,31.895999999999994
23,32.440909090909095
24,0.0
25,67.08813333333335
26,67.08813333333335
27,0.0
28,67.08813333333335
29,67.08813333333335
30,146.39717448226614
31,146.39717448226614
32,146.39717448226614
33,32.440909090909095
34,67.08813333333335
35,67.08813333333335
36,32.440909090909095
37,67.08813333333335
38,67.08813333333335
39,0.0
40,67.08813333333335
41,71.29614153432968
42,24.26
43,67.08813333333335
44,67.08813333333335
45,0.0
46,24.26
47,31.895999999999994
48,6.448000000000002
49,31.895999999999994
50,67.08813333333335
51,24.26
52,31.895999999999994
53,67.08813333333335
54,0.0
55,32.440909090909095
56,46.476
57,24.26
58,67.08813333333335
59,67.08813333333335
60,6.448000000000002
61,67.08813333333335
62,46.476
63,146.39717448226614
64,146.39717448226614
65,146.39717448226614
66,0.0
67,46.476
68,46.476
69,0.0
70,67.08813333333335
71,67.08813333333335
72,0.0
73,67.08813333333335
74,67.08813333333335
75,0.0
76,67.08813333333335
77,41.56711624072964
78,0.0
79,30.709545485169006
80,37.29987912447179
81,0.0
82,67.08813333333335
83,67.08813333333335
84,0.0
85,67.08813333333335
86,67.08813333333335
87,0.0
88,31.895999999999994
89,24.26
90,9.917521392774946
91,67.08813333333335
92,67.08813333333335
93,0.0
94,71.8342105263158
95,67.08813333333335
96,146.39717448226614
97,146.39717448226614
98,146.39717448226614
99,219.80223880597015
100,185.99833333333333
101,219.80223880597015
102,174.14999999999998
103,254.35131782945732
104,247.63106382978722
105,181.15937499999995
106,247.63106382978722
107,247.63106382978722
108,219.80223880597015
109,247.63106382978722
110,247.63106382978722
111,181.15937499999995
112,247.63106382978722
113,219.80223880597015
114,219.80223880597015
115,247.63106382978722
116,181.9766666666667
117,247.63106382978722
118,247.63106382978722
119,254.35131782945732
120,219.80223880597015
121,219.80223880597015
122,219.80223880597015
123,219.80223880597015
124,185.99833333333333
125,247.63106382978722
126,181.15937499999995
127,219.80223880597015
128,219.80223880597015
129,146.39717448226614
130,146.39717448226614
131,146.39717448226614
132,254.35131782945732
133,254.35131782945732
134,254.35131782945732
135,254.35131782945732
136,219.80223880597015
137,247.63106382978722
138,174.14999999999998
139,174.14999999999998
140,254.35131782945732
141,181.15937499999995
142,219.80223880597015
143,219.80223880597015
144,247.63106382978722
145,230.82049999999998
146,219.80223880597015
147,242.12367331557374
148,247.63106382978722
149,185.99833333333333
150,181.15937499999995
151,247.63106382978722
152,254.35131782945732
153,138.96307692307693
154,219.80223880597015
155,219.80223880597015
156,181.9766666666667
157,174.14999999999998
158,181.88872830305402
159,138.96307692307693
160,247.63106382978722
161,247.63106382978722
162,146.39717448226614
163,146.39717448226614
164,146.39717448226614
165,254.35131782945732
166,254.35131782945732
167,251.68444444444444
168,247.63106382978722
169,254.35131782945732
170,247.63106382978722
171,181.9766666666667
172,182.15228005267676
173,247.63106382978722
174,219.80223880597015
175,230.82049999999998
176,247.63106382978722
177,198.7681856715381
178,247.63106382978722
179,247.63106382978722
180,181.15937499999995
181,247.63106382978722
182,254.35131782945732
183,219.80223880597015
184,219.80223880597015
185,254.35131782945732
186,181.15937499999995
187,219.80223880597015
188,254.35131782945732
189,219.80223880597015
190,219.80223880597015
191,247.63106382978722
192,162.49458333333334
193,219.80223880597015
194,185.0466617359049
195,146.39717448226614
196,146.39717448226614
197,146.39717448226614
198,146.39717448226614
199,146.39717448226614
200,146.39717448226614
201,146.39717448226614
202,146.39717448226614
203,146.39717448226614
204,146.39717448226614
205,146.39717448226614
206,146.39717448226614
207,146.39717448226614
208,146.39717448226614
209,146.39717448226614
210,146.39717448226614
211,146.39717448226614
212,146.39717448226614
213,146.39717448226614
214,247.63106382978722
215,146.39717448226614
216,219.80223880597015
217,247.63106382978722
218,230.82049999999998
219,219.80223880597015
220,254.35131782945732
221,251.68444444444444
222,254.35131782945732
223,219.80223880597015
224,247.63106382978722
225,174.14999999999998
226,247.63106382978722
227,247.63106382978722
228,146.39717448226614
229,146.39717448226614
230,146.39717448226614
231,247.63106382978722
232,254.35131782945732
233,254.35131782945732
234,219.80223880597015
235,185.99833333333333
236,254.35131782945732
237,219.80223880597015
238,247.63106382978722
239,247.63106382978722
240,230.82049999999998
241,219.80223880597015
242,219.80223880597015
243,247.63106382978722
244,219.80223880597015
245,247.63106382978722
246,219.80223880597015
247,219.80223880597015
248,254.35131782945732
249,219.80223880597015
250,247.63106382978722
251,254.35131782945732
252,254.35131782945732
253,181.15937499999995
254,247.63106382978722
255,254.35131782945732
256,138.96307692307693
257,223.04867848245456
258,247.63106382978722
259,138.96307692307693
260,230.82049999999998
261,146.39717448226614
262,146.39717448226614
263,146.39717448226614
264,185.99833333333333
265,219.80223880597015
266,254.35131782945732
267,215.98035969501785
268,247.63106382978722
269,174.14999999999998
270,138.96307692307693
271,247.63106382978722
272,219.80223880597015
273,181.15937499999995
274,247.63106382978722
275,254.35131782945732
276,247.63106382978722
277,219.80223880597015
278,219.80223880597015
279,230.82049999999998
280,254.35131782945732
281,247.63106382978722
282,67.08813333333335
283,181.15937499999995
284,219.80223880597015
285,138.96307692307693
286,185.53833004148547
287,219.80223880597015
288,181.15937499999995
289,174.14999999999998
290,254.35131782945732
291,67.08813333333335
292,138.96307692307693
293,138.96307692307693
294,146.39717448226614
295,146.39717448226614
296,146.39717448226614
297,247.63106382978722
298,219.80223880597015
299,219.80223880597015
300,219.80223880597015
301,247.63106382978722
302,247.63106382978722
303,254.35131782945732
304,183.01479939030466
305,254.35131782945732
306,230.82049999999998
307,219.80223880597015
308,247.63106382978722
309,247.63106382978722
310,247.63106382978722
311,254.35131782945732
312,219.80223880597015
313,247.63106382978722
314,247.63106382978722
315,219.80223880597015
316,219.80223880597015
317,254.35131782945732
318,247.63106382978722
319,219.80223880597015
320,247.63106382978722
321,174.14999999999998
322,230.82049999999998
323,247.63106382978722
324,219.80223880597015
325,181.15937499999995
326,254.35131782945732
327,146.39717448226614
328,146.39717448226614
329,146.39717448226614
330,174.14999999999998
331,247.63106382978722
332,219.80223880597015
333,181.15937499999995
334,254.35131782945732
335,219.80223880597015
336,219.80223880597015
337,219.80223880597015
338,219.80223880597015
339,219.80223880597015
340,174.14999999999998
341,219.80223880597015
342,174.14999999999998
343,214.78692445979797
344,254.35131782945732
345,247.63106382978722
346,174.14999999999998
347,230.82049999999998
348,230.82049999999998
349,219.80223880597015
350,181.9766666666667
351,219.80223880597015
352,219.80223880597015
353,230.82049999999998
354,138.96307692307693
355,181.9766666666667
356,174.14999999999998
357,181.15937499999995
358,254.35131782945732
359,247.63106382978722
360,146.39717448226614
361,146.39717448226614
362,146.39717448226614
363,219.80223880597015
364,247.63106382978722
365,230.82049999999998
366,254.35131782945732
367,219.80223880597015
368,185.99833333333333
369,229.1996974668163
370,219.80223880597015
371,181.15937499999995
372,219.80223880597015
373,247.63106382978722
374,219.80223880597015
375,162.49458333333334
376,254.35131782945732
377,174.14999999999998
378,219.80223880597015
379,247.63106382978722
380,219.80223880597015
381,219.80223880597015
382,181.15937499999995
383,247.63106382978722
384,219.80223880597015
385,247.63106382978722
386,219.80223880597015
387,247.63106382978722
388,185.99833333333333
389,261.0846666666667
390,181.15937499999995
391,174.14999999999998
392,228.89431032690254
393,146.39717448226614
394,146.39717448226614
395,146.39717448226614
396,181.15937499999995
397,219.80223880597015
398,254.35131782945732
399,254.35131782945732
400,254.35131782945732
401,230.82049999999998
402,219.80223880597015
403,247.63106382978722
404,254.35131782945732
405,219.80223880597015
406,251.68444444444444
407,254.35131782945732
408,219.80223880597015
409,162.49458333333334
410,254.35131782945732
411,138.96307692307693
412,254.35131782945732
413,230.82049999999998
414,219.80223880597015
415,247.63106382978722
416,247.63106382978722
417,127.89553571428569
418,219.80223880597015
419,219.80223880597015
420,219.80223880597015
421,230.82049999999998
422,254.35131782945732
423,138.96307692307693
424,181.15937499999995
425,247.63106382978722
426,146.39717448226614
427,146.39717448226614
428,146.39717448226614
429,230.82049999999998
430,247.63106382978722
431,247.63106382978722
432,138.96307692307693
433,254.35131782945732
434,251.68444444444444
435,247.63106382978722
436,181.15937499999995
437,219.80223880597015
438,174.14999999999998
439,174.14999999999998
440,298.65
441,160.5829399081379
442,181.15937499999995
443,261.2774637514549
444,156.82809691655066
445,219.80223880597015
446,254.35131782945732
447,174.14999999999998
448,261.0846666666667
449,247.63106382978722
450,162.49458333333334
451,181.15937499999995
452,247.63106382978722
453,181.15937499999995
454,174.14999999999998
455,247.63106382978722
456,219.80223880597015
457,185.99833333333333
458,247.63106382978722
459,146.39717448226614
460,146.39717448226614
461,146.39717448226614
462,138.96307692307693
463,254.35131782945732
464,174.14999999999998
465,247.63106382978722
466,254.35131782945732
467,219.80223880597015
468,138.96307692307693
469,254.35131782945732
470,162.49458333333334
471,138.96307692307693
472,219.80223880597015
473,219.80223880597015
474,67.08813333333335
475,268.4775
476,181.15937499999995
477,67.08813333333335
478,254.35131782945732
479,230.82049999999998
480,174.14999999999998
481,268.4775
482,247.63106382978722
483,162.49458333333334
484,247.63106382978722
485,219.80223880597015
486,181.15937499999995
487,247.63106382978722
488,219.80223880597015
489,162.49458333333334
490,181.15937499999995
491,185.99833333333333
492,146.39717448226614
493,146.39717448226614
494,146.39717448226614
495,127.89553571428569
496,138.96307692307693
497,138.96307692307693
498,162.49458333333334
499,127.89553571428569
500,138.96307692307693
501,96.42722222222221
502,138.96307692307693
503,127.89553571428569
504,219.80223880597015
505,127.89553571428569
506,127.89553571428569
507,138.96307692307693
508,138.96307692307693
509,174.14999999999998
510,185.99833333333333
511,127.89553571428569
512,138.96307692307693
513,127.89553571428569
514,162.49458333333334
515,127.89553571428569
516,96.42722222222221
517,180.11226655128624
518,127.89553571428569
519,174.14999999999998
520,138.96307692307693
521,67.08813333333335
522,127.89553571428569
523,181.15937499999995
524,138.96307692307693
525,146.39717448226614
526,146.39717448226614
527,146.39717448226614
528,174.14999999999998
529,127.89553571428569
530,181.15937499999995
531,174.14999999999998
532,185.99833333333333
533,183.44709128786815
534,138.96307692307693
535,127.89553571428569
536,127.89553571428569
537,247.63106382978722
538,174.14999999999998
539,181.15937499999995
540,174.14999999999998
541,162.49458333333334
542,162.49458333333334
543,181.15937499999995
544,143.56932806803874
545,138.96307692307693
546,143.62582411843613
547,138.96307692307693
548,127.89553571428569
549,127.89553571428569
550,219.80223880597015
551,138.96307692307693
552,219.80223880597015
553,174.14999999999998
554,127.89553571428569
555,181.15937499999995
556,138.96307692307693
557,138.96307692307693
558,146.39717448226614
559,146.39717448226614
560,146.39717448226614
561,127.89553571428569
562,67.08813333333335
563,127.89553571428569
564,138.96307692307693
565,127.89553571428569
566,138.96307692307693
567,71.8342105263158
568,127.89553571428569
569,71.8342105263158
570,138.96307692307693
571,71.8342105263158
572,127.89553571428569
573,67.08813333333335
574,127.89553571428569
575,67.08813333333335
576,127.89553571428569
577,96.42722222222221
578,127.89553571428569
579,127.89553571428569
580,71.8342105263158
581,96.42722222222221
582,67.08813333333335
583,86.4514243918287
584,67.08813333333335
585,71.8342105263158
586,127.89553571428569
587,67.08813333333335
588,127.89553571428569
589,138.96307692307693
590,127.89553571428569
591,146.39717448226614
592,146.39717448226614
593,146.39717448226614
594,67.08813333333335
595,32.440909090909095
596,46.476
597,67.08813333333335
598,32.440909090909095
599,31.895999999999994
600,32.440909090909095
601,32.440909090909095
602,32.440909090909095
603,30.942153637794704
604,46.476
605,31.895999999999994
606,31.895999999999994
607,32.440909090909095
608,32.440909090909095
609,32.440909090909095
610,32.440909090909095
611,46.476
612,32.440909090909095
613,67.08813333333335
614,46.476
615,32.440909090909095
616,24.26
617,39.48154623847904
618,31.895999999999994
619,67.08813333333335
620,96.2874445288378
621,67.08813333333335
622,32.440909090909095
623,46.476
624,146.39717448226614
625,146.39717448226614
626,146.39717448226614
627,127.89553571428569
628,127.89553571428569
629,127.89553571428569
630,127.89553571428569
631,67.08813333333335
632,71.8342105263158
633,39.309961287278504
634,96.42722222222221
635,67.08813333333335
636,127.89553571428569
637,67.08813333333335
638,138.96307692307693
639,127.89553571428569
640,127.89553571428569
641,127.89553571428569
642,127.89553571428569
643,67.08813333333335
644,71.8342105263158
645,32.440909090909095
646,127.89553571428569
647,127.89553571428569
648,67.08813333333335
649,74.32624999999999
650,127.89553571428569
651,127.89553571428569
652,127.89553571428569
653,74.32624999999999
654,127.89553571428569
655,127.89553571428569
656,127.89553571428569
657,146.39717448226614
658,146.39717448226614
659,146.39717448226614
660,127.89553571428569
661,127.89553571428569
662,96.42722222222221
663,138.96307692307693
664,127.89553571428569
665,138.96307692307693
666,127.89553571428569
667,96.42722222222221
668,127.89553571428569
669,138.96307692307693
670,67.08813333333335
671,96.42722222222221
672,71.8342105263158
673,127.89553571428569
674,96.42722222222221
675,127.89553571428569
676,96.29900403467093
677,127.89553571428569
678,127.89553571428569
679,67.08813333333335
680,127.89553571428569
681,71.8342105263158
682,67.08813333333335
683,71.8342105263158
684,127.89553571428569
685,67.08813333333335
686,67.08813333333335
687,138.96307692307693
688,127.89553571428569
689,127.89553571428569
690,146.39717448226614
691,146.39717448226614
692,146.39717448226614
693,6.448000000000002
694,31.895999999999994
695,24.26
696,67.08813333333335
697,6.448000000000002
698,22.158261454933758
699,71.8342105263158
700,0.0
701,31.895999999999994
702,67.08813333333335
703,24.26
704,46.476
705,6.448000000000002
706,32.440909090909095
707,6.448000000000002
708,24.26
709,31.895999999999994
710,24.26
711,67.08813333333335
712,32.440909090909095
713,31.895999999999994
714,24.26
715,0.0
716,24.26
717,24.26
718,24.26
719,32.440909090909095
720,67.08813333333335
721,32.440909090909095
722,146.39717448226614
723,146.39717448226614
724,146.39717448226614
725,127.89553571428569
726,138.96307692307693
727,67.08813333333335
728,138.96307692307693
729,67.08813333333335
730,127.89553571428569
731,67.08813333333335
732,67.08813333333335
733,74.32624999999999
734,67.08813333333335
735,67.08813333333335
736,127.89553571428569
737,67.08813333333335
738,138.96307692307693
739,67.08813333333335
740,67.08813333333335
741,74.32624999999999
742,127.89553571428569
743,67.08813333333335
744,67.08813333333335
745,71.8342105263158
746,67.08813333333335
747,67.08813333333335
748,67.08813333333335
749,67.08813333333335
750,67.08813333333335
751,67.08813333333335
752,67.08813333333335
753,67.08813333333335
754,67.08813333333335
755,146.39717448226614
756,146.39717448226614
757,146.39717448226614
758,127.89553571428569
759,127.89553571428569
760,162.49458333333334
761,162.88887425549626
762,127.89553571428569
763,138.96307692307693
764,71.8342105263158
765,127.89553571428569
766,127.89553571428569
767,67.08813333333335
768,96.42722222222221
769,138.96307692307693
770,127.89553571428569
771,67.08813333333335
772,127.89553571428569
773,67.08813333333335
774,96.42722222222221
775,162.49458333333334
776,71.8342105263158
777,85.81142857142856
778,138.96307692307693
779,96.42722222222221
780,71.8342105263158
781,127.89553571428569
782,67.08813333333335
783,138.96307692307693
784,127.89553571428569
785,72.86895279158415
786,74.32624999999999
787,127.89553571428569
788,146.39717448226614
789,146.39717448226614
790,146.39717448226614
791,127.89553571428569
792,67.08813333333335
793,127.89553571428569
794,127.89553571428569
795,127.89553571428569
796,67.08813333333335
797,67.08813333333335
798,71.8342105263158
799,127.89553571428569
800,138.96307692307693
801,71.8342105263158
802,127.89553571428569
803,127.89553571428569
804,67.08813333333335
805,67.08813333333335
806,127.89553571428569
807,127.89553571428569
808,127.89553571428569
809,127.89553571428569
810,67.08813333333335
811,127.89553571428569
812,67.08813333333335
813,67.08813333333335
814,127.89553571428569
815,96.42722222222221
816,67.08813333333335
817,67.08813333333335
818,127.89553571428569
819,96.42722222222221
820,127.89553571428569
821,146.39717448226614
822,146.39717448226614
823,146.39717448226614
824,127.89553571428569
825,96.42722222222221
826,127.89553571428569
827,138.96307692307693
828,32.440909090909095
829,138.96307692307693
830,67.08813333333335
831,127.89553571428569
832,127.89553571428569
833,67.08813333333335
834,127.89553571428569
835,138.96307692307693
836,127.89553571428569
837,127.89553571428569
838,46.476
839,127.89553571428569
840,71.8342105263158
841,138.96307692307693
842,127.89553571428569
843,96.42722222222221
844,138.96307692307693
845,71.8342105263158
846,67.08813333333335
847,138.96307692307693
848,138.96307692307693
849,127.89553571428569
850,96.42722222222221
851,127.89553571428569
852,46.476
853,32.440909090909095
854,146.39717448226614
855,146.39717448226614
856,146.39717448226614
857,96.42722222222221
858,94.45309507958271
859,138.96307692307693
860,67.08813333333335
861,96.42722222222221
862,138.96307692307693
863,71.8342105263158
864,96.03349153958185
865,74.32624999999999
866,138.96307692307693
867,127.89553571428569
868,162.49458333333334
869,127.89553571428569
870,127.89553571428569
871,104.4455669086006
872,127.89553571428569
873,138.96307692307693
874,162.49458333333334
875,127.89553571428569
876,67.08813333333335
877,138.96307692307693
878,67.08813333333335
879,96.42722222222221
880,138.96307692307693
881,138.96307692307693
882,67.08813333333335
883,71.8342105263158
884,138.96307692307693
885,96.1672447769969
886,138.96307692307693
887,146.39717448226614
888,146.39717448226614
889,146.39717448226614
890,138.96307692307693
891,67.08813333333335
892,67.08813333333335
893,67.08813333333335
894,174.14999999999998
895,67.08813333333335
896,96.42722222222221
897,127.89553571428569
898,127.89553571428569
899,127.89553571428569
900,138.96307692307693
901,138.96307692307693
902,127.89553571428569
903,138.96307692307693
904,67.08813333333335
905,138.96307692307693
906,138.96307692307693
907,162.49458333333334
908,127.89553571428569
909,127.89553571428569
910,138.96307692307693
911,96.42722222222221
912,127.89553571428569
913,127.89553571428569
914,138.96307692307693
915,71.8342105263158
916,96.42722222222221
917,138.96307692307693
918,127.89553571428569
919,127.89553571428569
920,146.39717448226614
921,146.39717448226614
922,146.39717448226614
923,0.0
924,67.08813333333335
925,67.08813333333335
926,6.448000000000002
927,32.440909090909095
928,67.08813333333335
929,0.0
930,71.8342105263158
931,67.08813333333335
932,0.0
933,32.440909090909095
934,67.08813333333335
935,0.0
936,67.08813333333335
937,32.440909090909095
938,0.0
939,67.08813333333335
940,71.8342105263158
941,0.0
942,67.08813333333335
943,67.08813333333335
944,146.39717448226614
945,146.39717448226614
946,146.39717448226614
947,0.0
948,31.895999999999994
949,67.08813333333335
950,6.448000000000002
951,46.476
952,67.08813333333335
953,24.26
954,67.08813333333335
955,67.08813333333335
956,0.0
957,46.476
958,67.08813333333335
959,31.895999999999994
960,67.08813333333335
961,46.476
962,32.440909090909095
963,67.08813333333335
964,67.08813333333335
965,0.0
966,67.08813333333335
967,74.32624999999999
968,146.39717448226614
969,146.39717448226614
970,146.39717448226614
971,0.0
972,67.08813333333335
973,67.08813333333335
974,0.0
975,32.440909090909095
976,67.08813333333335
977,31.895999999999994
978,46.476
979,31.106328436037945
980,32.440909090909095
981,32.440909090909095
982,32.440909090909095
983,0.0
984,67.08813333333335
985,67.08813333333335
986,31.578871506247417
987,67.08813333333335
988,67.08813333333335
989,32.440909090909095
990,67.08813333333335
991,67.08813333333335
992,146.39717448226614
993,146.39717448226614
994,146.39717448226614
995,247.63106382978722
996,254.35131782945732
997,174.14999999999998
998,185.99833333333333
999,254.35131782945732
1000,181.15937499999995
1001,219.80223880597015
1002,254.35131782945732
1003,219.80223880597015
1004,254.35131782945732
1005,254.35131782945732
1006,254.35131782945732
1007,261.0846666666667
1008,251.68444444444444
1009,254.35131782945732
1010,254.35131782945732
1011,254.35131782945732
1012,254.35131782945732
1013,219.80223880597015
1014,247.63106382978722
1015,261.0846666666667
1016,146.39717448226614
1017,146.39717448226614
1018,146.39717448226614
1019,247.63106382978722
1020,263.70572862982374
1021,247.63106382978722
1022,181.15937499999995
1023,261.0846666666667
1024,219.80223880597015
1025,174.14999999999998
1026,254.35131782945732
1027,247.63106382978722
1028,254.35131782945732
1029,251.68444444444444
1030,254.35131782945732
1031,247.63106382978722
1032,254.35131782945732
1033,254.35131782945732
1034,230.82049999999998
1035,261.0846666666667
1036,254.35131782945732
1037,247.63106382978722
1038,247.63106382978722
1039,261.0846666666667
1040,146.39717448226614
1041,146.39717448226614
1042,146.39717448226614
1043,254.35131782945732
1044,254.35131782945732
1045,254.35131782945732
1046,177.84427507984657
1047,219.80223880597015
1048,261.0846666666667
1049,181.15937499999995
1050,254.35131782945732
1051,254.35131782945732
1052,254.35131782945732
1053,254.35131782945732
1054,298.65
1055,247.63106382978722
1056,254.35131782945732
1057,284.25182904570204
1058,251.68444444444444
1059,251.68444444444444
1060,281.86147871620767
1061,247.63106382978722
1062,254.35131782945732
1063,261.0846666666667
1064,146.39717448226614
1065,146.39717448226614
1066,146.39717448226614
1067,254.35131782945732
1068,254.35131782945732
1069,298.65
1070,254.35131782945732
1071,254.35131782945732
1072,298.65
1073,247.63106382978722
1074,247.63106382978722
1075,261.0846666666667
1076,254.35131782945732
1077,254.35131782945732
1078,298.65
1079,254.35131782945732
1080,254.35131782945732
1081,268.4775
1082,254.35131782945732
1083,254.35131782945732
1084,298.65
1085,254.35131782945732
1086,254.35131782945732
1087,268.26353747317415
1088,146.39717448226614
1089,146.39717448226614
1090,146.39717448226614
1091,254.35131782945732
1092,254.35131782945732
1093,254.35131782945732
1094,254.35131782945732
1095,247.63106382978722
1096,254.35131782945732
1097,254.35131782945732
1098,254.35131782945732
1099,247.63106382978722
1100,247.63106382978722
1101,254.35131782945732
1102,261.0846666666667
1103,247.63106382978722
1104,254.35131782945732
1105,254.35131782945732
1106,254.35131782945732
1107,254.35131782945732
1108,261.0846666666667
1109,219.80223880597015
1110,254.35131782945732
1111,254.35131782945732
1112,146.39717448226614
1113,146.39717448226614
1114,146.39717448226614
1115,254.35131782945732
1116,254.35131782945732
1117,261.0846666666667
1118,181.15937499999995
1119,247.63106382978722
1120,254.35131782945732
1121,247.63106382978722
1122,261.0846666666667
1123,297.8489079341785
1124,219.80223880597015
1125,247.63106382978722
1126,254.35131782945732
1127,219.80223880597015
1128,254.35131782945732
1129,254.35131782945732
1130,185.99833333333333
1131,254.35131782945732
1132,268.4775
1133,254.35131782945732
1134,254.35131782945732
1135,261.0846666666667
1136,146.39717448226614
1137,146.39717448226614
1138,146.39717448226614
1139,181.15937499999995
1140,254.35131782945732
1141,219.80223880597015
1142,219.80223880597015
1143,254.35131782945732
1144,247.63106382978722
1145,254.35131782945732
1146,254.35131782945732
1147,254.35131782945732
1148,254.35131782945732
1149,247.63106382978722
1150,254.35131782945732
1151,247.63106382978722
1152,254.35131782945732
1153,251.68444444444444
1154,254.35131782945732
1155,268.4775
1156,261.0846666666667
1157,254.35131782945732
1158,247.63106382978722
1159,261.0846666666667
1160,146.39717448226614
1161,146.39717448226614
1162,146.39717448226614
1163,254.35131782945732
1164,254.35131782945732
1165,254.35131782945732
1166,197.00742477146025
1167,254.35131782945732
1168,254.35131782945732
1169,138.96307692307693
1170,254.35131782945732
1171,247.63106382978722
1172,247.63106382978722
1173,254.35131782945732
1174,254.35131782945732
1175,219.80223880597015
1176,261.0846666666667
1177,254.35131782945732
1178,254.35131782945732
1179,298.65
1180,247.63106382978722
1181,247.63106382978722
1182,254.35131782945732
1183,247.63106382978722
1184,146.39717448226614
1185,146.39717448226614
1186,146.39717448226614
1187,254.35131782945732
1188,247.63106382978722
1189,254.35131782945732
1190,247.63106382978722
1191,219.80223880597015
1192,247.63106382978722
1193,219.80223880597015
1194,254.35131782945732
1195,219.80223880597015
1196,254.35131782945732
1197,247.63106382978722
1198,254.35131782945732
1199,247.63106382978722
1200,254.35131782945732
1201,296.9932413673098
1202,254.35131782945732
1203,254.35131782945732
1204,268.4775
1205,219.80223880597015
1206,260.39821317549774
1207,298.65
1208,146.39717448226614
1209,146.39717448226614
1210,146.39717448226614
1211,219.80223880597015
1212,247.63106382978722
1213,219.80223880597015
1214,181.15937499999995
1215,254.35131782945732
1216,247.63106382978722
1217,219.80223880597015
1218,247.63106382978722
1219,219.80223880597015
1220,247.63106382978722
1221,247.63106382978722
1222,261.0846666666667
1223,251.68444444444444
1224,254.35131782945732
1225,254.35131782945732
1226,230.82049999999998
1227,254.35131782945732
1228,261.0846666666667
1229,247.63106382978722
1230,251.68444444444444
1231,254.35131782945732
1232,146.39717448226614
1233,146.39717448226614
1234,146.39717448226614
1235,230.82049999999998
1236,219.80223880597015
1237,254.35131782945732
1238,254.35131782945732
1239,247.63106382978722
1240,247.63106382978722
1241,254.35131782945732
1242,247.63106382978722
1243,247.63106382978722
1244,254.35131782945732
1245,247.63106382978722
1246,247.63106382978722
1247,230.82049999999998
1248,254.35131782945732
1249,254.35131782945732
1250,254.35131782945732
1251,251.68444444444444
1252,254.35131782945732
1253,254.35131782945732
1254,254.35131782945732
1255,254.35131782945732
1256,146.39717448226614
1257,146.39717448226614
1258,146.39717448226614
1259,174.14999999999998
1260,254.35131782945732
1261,247.63106382978722
1262,138.96307692307693
1263,247.63106382978722
1264,247.63106382978722
1265,162.49458333333334
1266,254.35131782945732
1267,254.35131782945732
1268,254.35131782945732
1269,268.4775
1270,247.63106382978722
1271,254.35131782945732
1272,268.4775
1273,254.35131782945732
1274,247.63106382978722
1275,254.35131782945732
1276,247.63106382978722
1277,230.82049999999998
1278,261.0846666666667
1279,254.35131782945732
1280,146.39717448226614
1281,146.39717448226614
1282,146.39717448226614
1283,181.15937499999995
1284,138.96307692307693
1285,174.14999999999998
1286,219.80223880597015
1287,181.15937499999995
1288,138.96307692307693
1289,219.80223880597015
1290,219.80223880597015
1291,138.96307692307693
1292,219.80223880597015
1293,138.96307692307693
1294,138.96307692307693
1295,127.89553571428569
1296,142.27673000921425
1297,138.96307692307693
1298,138.96307692307693
1299,67.08813333333335
1300,127.89553571428569
1301,67.08813333333335
1302,67.08813333333335
1303,67.08813333333335
1304,146.39717448226614
1305,146.39717448226614
1306,146.39717448226614
1307,174.14999999999998
1308,138.96307692307693
1309,174.14999999999998
1310,181.57770657031918
1311,181.15937499999995
1312,138.96307692307693
1313,127.89553571428569
1314,219.80223880597015
1315,138.96307692307693
1316,162.49458333333334
1317,174.14999999999998
1318,138.96307692307693
1319,67.08813333333335
1320,174.14999999999998
1321,138.96307692307693
1322,96.42722222222221
1323,67.08813333333335
1324,71.8342105263158
1325,67.08813333333335
1326,67.08813333333335
1327,74.32624999999999
1328,146.39717448226614
1329,146.39717448226614
1330,146.39717448226614
1331,127.89553571428569
1332,138.96307692307693
1333,174.14999999999998
1334,127.89553571428569
1335,185.99833333333333
1336,138.96307692307693
1337,127.89553571428569
1338,181.15937499999995
1339,138.96307692307693
1340,247.63106382978722
1341,138.96307692307693
1342,162.17471159855714
1343,138.96307692307693
1344,138.96307692307693
1345,138.96307692307693
1346,181.15937499999995
1347,67.08813333333335
1348,138.96307692307693
1349,71.8342105263158
1350,67.08813333333335
1351,127.89553571428569
1352,146.39717448226614
1353,146.39717448226614
1354,146.39717448226614
1355,67.08813333333335
1356,67.08813333333335
1357,138.96307692307693
1358,67.08813333333335
1359,127.89553571428569
1360,138.96307692307693
1361,127.89553571428569
1362,127.89553571428569
1363,96.42722222222221
1364,127.89553571428569
1365,127.89553571428569
1366,127.89553571428569
1367,89.84763515539271
1368,127.89553571428569
1369,127.89553571428569
1370,174.14999999999998
1371,127.89553571428569
1372,67.08813333333335
1373,67.08813333333335
1374,67.08813333333335
1375,67.08813333333335
1376,146.39717448226614
1377,146.39717448226614
1378,146.39717448226614
1379,127.89553571428569
1380,138.96307692307693
1381,127.89553571428569
1382,127.89553571428569
1383,6.448000000000002
1384,67.08813333333335
1385,67.08813333333335
1386,127.89553571428569
1387,71.8342105263158
1388,96.42722222222221
1389,127.89553571428569
1390,127.89553571428569
1391,71.8342105263158
1392,127.89553571428569
1393,127.89553571428569
1394,127.89553571428569
1395,138.96307692307693
1396,127.89553571428569
1397,127.89553571428569
1398,127.89553571428569
1399,138.96307692307693
1400,146.39717448226614
1401,146.39717448226614
1402,146.39717448226614
1403,127.89553571428569
1404,67.08813333333335
1405,127.89553571428569
1406,127.89553571428569
1407,127.89553571428569
1408,138.96307692307693
1409,127.89553571428569
1410,127.89553571428569
1411,127.89553571428569
1412,96.42722222222221
1413,127.89553571428569
1414,127.89553571428569
1415,74.32624999999999
1416,127.89553571428569
1417,138.96307692307693
1418,127.89553571428569
1419,127.89553571428569
1420,71.8342105263158
1421,67.08813333333335
1422,67.08813333333335
1423,67.08813333333335
1424,146.39717448226614
1425,146.39717448226614
1426,146.39717448226614
1427,127.89553571428569
1428,138.96307692307693
1429,138.96307692307693
1430,127.89553571428569
1431,127.89553571428569
1432,71.8342105263158
1433,71.8342105263158
1434,127.89553571428569
1435,138.96307692307693
1436,96.42722222222221
1437,127.89553571428569
1438,138.96307692307693
1439,74.32624999999999
1440,127.89553571428569
1441,127.89553571428569
1442,138.96307692307693
1443,138.96307692307693
1444,127.89553571428569
1445,138.96307692307693
1446,96.42722222222221
1447,138.96307692307693
1448,146.39717448226614
1449,146.39717448226614
1450,146.39717448226614
1451,67.08813333333335
1452,138.96307692307693
1453,96.02999999999997
1454,138.96307692307693
1455,127.89553571428569
1456,96.42722222222221
1457,138.96307692307693
1458,138.96307692307693
1459,127.89553571428569
1460,127.89553571428569
1461,138.96307692307693
1462,96.42722222222221
1463,32.440909090909095
1464,138.96307692307693
1465,127.89553571428569
1466,138.96307692307693
1467,138.96307692307693
1468,96.42722222222221
1469,127.89553571428569
1470,127.89553571428569
1471,127.89553571428569
1472,146.39717448226614
1473,146.39717448226614
1474,146.39717448226614
1475,67.08813333333335
1476,67.08813333333335
1477,96.42722222222221
1478,127.89553571428569
1479,127.89553571428569
1480,127.89553571428569
1481,127.89553571428569
1482,127.89553571428569
1483,127.89553571428569
1484,67.08813333333335
1485,138.96307692307693
1486,127.89553571428569
1487,67.08813333333335
1488,138.96307692307693
1489,127.89553571428569
1490,162.49458333333334
1491,138.96307692307693
1492,127.89553571428569
1493,67.08813333333335
1494,67.08813333333335
1495,67.08813333333335
1496,146.39717448226614
1497,146.39717448226614
1498,146.39717448226614
1499,162.49458333333334
1500,96.42722222222221
1501,162.49458333333334
1502,138.96307692307693
1503,127.89553571428569
1504,127.89553571428569
1505,127.89553571428569
1506,138.96307692307693
1507,142.51339004917517
1508,138.96307692307693
1509,96.42722222222221
1510,174.14999999999998
1511,127.89553571428569
1512,138.96307692307693
1513,138.96307692307693
1514,127.89553571428569
1515,127.89553571428569
1516,96.42722222222221
1517,138.96307692307693
1518,67.08813333333335
1519,71.8342105263158
1520,146.39717448226614
1521,146.39717448226614
1522,146.39717448226614
1523,127.89553571428569
1524,127.89553571428569
1525,138.96307692307693
1526,138.96307692307693
1527,32.440909090909095
1528,67.08813333333335
1529,67.08813333333335
1530,127.89553571428569
1531,162.49458333333334
1532,127.89553571428569
1533,127.89553571428569
1534,138.96307692307693
1535,96.42722222222221
1536,138.96307692307693
1537,138.96307692307693
1538,127.89553571428569
1539,127.89553571428569
1540,138.96307692307693
1541,127.89553571428569
1542,67.08813333333335
1543,67.08813333333335
1544,146.39717448226614
1545,146.39717448226614
1546,146.39717448226614
1547,67.08813333333335
1548,67.08813333333335
1549,67.08813333333335
1550,67.08813333333335
1551,146.39717448226614
1552,67.08813333333335
1553,146.39717448226614
1554,67.08813333333335
1555,146.39717448226614
1556,67.08813333333335
1557,67.08813333333335
1558,67.08813333333335
1559,67.08813333333335
1560,67.08813333333335
1561,67.08813333333335
1562,67.08813333333335
1563,67.08813333333335
1564,67.08813333333335
1565,67.08813333333335
1566,67.08813333333335
1567,146.39717448226614
1568,146.39717448226614
1569,146.39717448226614
1570,67.08813333333335
1571,67.08813333333335
1572,67.08813333333335
1573,67.08813333333335
1574,67.08813333333335
1575,67.08813333333335
1576,67.08813333333335
1577,32.440909090909095
1578,67.08813333333335
1579,46.476
1580,146.39717448226614
1581,67.08813333333335
1582,146.39717448226614
1583,146.39717448226614
1584,146.39717448226614
1585,146.39717448226614
1586,146.39717448226614
1587,146.39717448226614
1588,146.39717448226614
1589,67.08813333333335
1590,67.08813333333335
1591,146.39717448226614
1592,146.39717448226614
1593,146.39717448226614
1594,67.08813333333335
1595,46.476
1596,67.08813333333335
1597,32.440909090909095
1598,46.476
1599,67.08813333333335
1600,32.440909090909095
1601,67.08813333333335
1602,67.08813333333335
1603,67.08813333333335
1604,67.08813333333335
1605,67.08813333333335
1606,67.08813333333335
1607,46.476
1608,46.476
1609,46.476
1610,67.08813333333335
1611,67.08813333333335
1612,67.08813333333335
1613,67.08813333333335
1614,67.08813333333335
1615,146.39717448226614
1616,146.39717448226614
1617,146.39717448226614
1618,127.89553571428569
1619,138.96307692307693
1620,138.96307692307693
1621,174.14999999999998
1622,138.96307692307693
1623,138.96307692307693
1624,138.96307692307693
1625,127.89553571428569
1626,127.89553571428569
1627,67.08813333333335
1628,127.89553571428569
1629,138.96307692307693
1630,96.42722222222221
1631,138.96307692307693
1632,162.49458333333334
1633,127.89553571428569
1634,138.96307692307693
1635,138.96307692307693
1636,138.96307692307693
1637,67.08813333333335
1638,67.08813333333335
1639,146.39717448226614
1640,146.39717448226614
1641,146.39717448226614
1642,67.08813333333335
1643,146.39717448226614
1644,219.80223880597015
1645,67.08813333333335
1646,146.39717448226614
1647,138.96307692307693
1648,247.63106382978722
1649,71.8342105263158
1650,138.96307692307693
1651,127.89553571428569
1652,67.08813333333335
1653,127.89553571428569
1654,138.96307692307693
1655,138.96307692307693
1656,138.96307692307693
1657,127.89553571428569
1658,127.89553571428569
1659,96.42722222222221
1660,42.687399232507914
1661,254.35131782945732
1662,254.35131782945732
1663,254.35131782945732
1664,251.68444444444444
1665,247.63106382978722
1666,254.35131782945732
1667,254.35131782945732
1668,254.35131782945732
1669,254.35131782945732
1670,254.35131782945732
1671,261.0846666666667
1672,254.35131782945732
1673,67.08813333333335
1674,146.39717448226614
1675,138.96307692307693
1676,71.8342105263158
1677,146.39717448226614
1678,127.89553571428569
1679,181.9766666666667
1680,67.08813333333335
1681,127.89553571428569
1682,127.89553571428569
1683,32.440909090909095
1684,96.42722222222221
1685,127.89553571428569
1686,127.89553571428569
1687,71.8342105263158
1688,138.96307692307693
1689,67.08813333333335
1690,138.96307692307693
1691,67.08813333333335
1692,254.35131782945732
1693,247.63106382978722
1694,298.65
1695,270.90575420417395
1696,254.35131782945732
1697,254.35131782945732
1698,268.4775
1699,254.35131782945732
1700,268.4775
1701,254.35131782945732
1702,268.4775
1703,254.35131782945732
1704,2.9056803116790832
1705,146.39717448226614
1706,138.96307692307693
1707,0.0
1708,146.39717448226614
1709,67.08813333333335
1710,247.63106382978722
1711,24.26
1712,96.42722222222221
1713,127.89553571428569
1714,32.440909090909095
1715,138.96307692307693
1716,127.89553571428569
1717,67.08813333333335
1718,127.89553571428569
1719,127.89553571428569
1720,96.42722222222221
1721,127.89553571428569
1722,67.08813333333335
1723,254.35131782945732
1724,247.63106382978722
1725,254.35131782945732
1726,254.35131782945732
1727,254.35131782945732
1728,254.35131782945732
1729,254.35131782945732
1730,247.63106382978722
1731,254.35131782945732
1732,254.35131782945732
1733,219.80223880597015
1734,254.35131782945732
