id,Predicted
0,32.71451093345288
1,141.58909063585867
2,75.22890026299494
3,0.0
4,81.37800415987398
5,83.37878833234097
6,17.482240087684243
7,66.46128001543424
8,76.20824180260918
9,7.543337015529429
10,134.63710660097496
11,55.400893236391525
12,14.607375842750596
13,36.53804131715769
14,65.81208842226494
15,14.049510848143735
16,0.06523894841815334
17,4.1881905429299024
18,2.9238136112449933
19,7.794720638857996
20,1.0222874508229982
21,6.2073285694118265
22,9.627560270155323
23,7.846111438253013
24,8.080851621056842
25,6.666814072239187
26,0.0
27,16.467537077756166
28,12.734159147744652
29,56.784293425784675
30,0.0
31,2.7393394711355077
32,118.7261437962854
33,12.013103889107757
34,125.83653987003126
35,61.23252617473859
36,0.027282096903718765
37,68.83013692048544
38,58.238717025770725
39,0.0
40,65.35151525187987
41,83.7710650030665
42,1.8652710401421948
43,112.61121558376976
44,38.11498980889495
45,25.278275693537747
46,18.796987369115335
47,69.5361167609789
48,18.459772576389433
49,0.17983225202879877
50,7.596471888973589
51,0.0
52,0.0
53,0.0
54,12.786497389436251
55,18.188675103287306
56,8.14137797194591
57,0.0
58,1.849848756023459
59,9.180961837556627
60,1.6612546540170072
61,61.0205502879978
62,108.8296842674678
63,4.023124999999993
64,7.170928085799531
65,75.19679134130647
66,12.118598944218057
67,33.927401957263655
68,57.624729568688124
69,1.7860484467565443
70,10.56244966639471
71,12.585563824953558
72,11.872545264172349
73,55.54295348340014
74,32.85267682707483
75,1.351063280276842
76,150.05478545386148
77,36.853245577988176
78,19.277055026983387
79,30.11583095864903
80,75.40171090300728
81,3.787254154697023
82,6.258096731818117
83,13.709757231101005
84,6.300009944526357
85,43.5101928925173
86,12.615216603851403
87,10.32793528020277
88,64.88707050897496
89,26.55876924479702
90,3.2443644840956614
91,8.916970547625453
92,10.270818099647345
93,0.0
94,33.537025051712234
95,106.05531961211061
96,3.896046511627907
97,9.904426932076852
98,71.53096504210419
99,209.21437575549916
100,268.53495564631385
101,249.04525648441535
102,248.24141858479234
103,245.14396321027658
104,256.6966039616949
105,173.36509432504187
106,272.2392552475727
107,296.7930370537793
108,206.67194518743062
109,272.1846672556745
110,193.797336488821
111,198.82994398324104
112,258.2665718554621
113,255.43062585919535
114,217.49037381703744
115,26.75122342472676
116,44.06402791709811
117,237.36099705308365
118,232.26738304206629
119,266.5460523679243
120,212.1389049537692
121,294.3317620144569
122,197.87123736675713
123,242.01878737562294
124,196.82706167109637
125,205.23934042520668
126,167.1227207986407
127,221.2764598263766
128,221.56512212422416
129,220.93791666666667
130,12.567595415340858
131,22.833894909323817
132,266.31600872657657
133,215.66316891358807
134,244.16285842842663
135,277.45773113931295
136,295.44331419651115
137,223.18582234098108
138,146.85738770786654
139,251.82911505975525
140,262.87070854534176
141,136.50502040297388
142,267.4485513543324
143,193.80566555092392
144,206.74254403534383
145,200.0168626105295
146,183.7621826354146
147,217.2693842539211
148,0.0
149,293.42853700459034
150,223.33990505311414
151,221.91499158943694
152,244.92809963709843
153,160.7570610352173
154,157.0338945609499
155,256.261503279508
156,199.99050368927433
157,207.8384956737976
158,233.15001482152815
159,169.776005803003
160,205.88444567094263
161,8.469138369518546
162,182.19979166666667
163,44.88135026278547
164,305.1392869500418
165,208.35376810160636
166,213.79997325285186
167,282.8041481589915
168,208.48257603573626
169,253.63348759000056
170,226.85051366043416
171,170.1046867881558
172,243.38623897895508
173,299.7934949614753
174,171.5830074779413
175,270.0256215091842
176,107.9447094662012
177,196.9798723021569
178,299.20062458167024
179,272.53199817170116
180,219.88853999036786
181,240.5043427663831
182,274.5440068290667
183,215.53350657974096
184,223.59300015986037
185,325.9161436337875
186,182.78103896864158
187,202.94713249027822
188,248.55659533537113
189,204.6510968786126
190,247.74527977888457
191,227.75991307538553
192,177.7911485402828
193,272.74359508220715
194,227.42908911514755
195,208.19179487179485
196,42.64152069173255
197,258.36997301202194
198,226.05020833333333
199,199.97548405033322
200,165.38076558268244
201,226.05020833333333
202,219.8405882352941
203,244.8678431372549
204,226.05020833333333
205,219.8405882352941
206,244.8678431372549
207,226.05020833333333
208,219.8405882352941
209,244.8678431372549
210,226.05020833333333
211,219.8405882352941
212,244.8678431372549
213,226.05020833333333
214,219.8405882352941
215,244.8678431372549
216,137.2269862135182
217,219.8405882352941
218,250.0560314431932
219,165.59966830409272
220,172.33941648810145
221,215.54986398929296
222,259.59925152001017
223,216.0816007620918
224,251.06413845281023
225,124.94936515147135
226,275.1285954621495
227,242.7596676820021
228,226.05020833333333
229,170.66885664809806
230,285.24386229816514
231,231.82863905553467
232,183.4781797715123
233,247.5519344810219
234,217.13113182875955
235,275.75935047177603
236,193.51259875636958
237,148.22996298953913
238,275.2628902092307
239,308.6530075429019
240,158.64664643330835
241,227.3580758648348
242,195.03022743498502
243,267.6497752964752
244,201.36198012904958
245,171.51708081398576
246,216.52876695091294
247,284.8976731038558
248,283.34279012648585
249,236.46744906677523
250,314.22914195396754
251,195.90218600589148
252,144.74383777509917
253,261.0335656589797
254,196.02477120715858
255,250.14358043540452
256,268.25259070792515
257,249.76782987711422
258,194.05708961852568
259,289.37416466743804
260,13.79519195402914
261,232.13625
262,63.380125032082844
263,26.01091118613494
264,206.81208165634834
265,208.83945736710703
266,263.32547170503256
267,162.8887915975241
268,221.0133968744779
269,308.19574670662575
270,167.54743508451742
271,55.25868243711441
272,288.64094371903184
273,164.12339729219406
274,229.23199935364875
275,157.45829480038384
276,205.32129920181424
277,272.64339555350995
278,257.17658494572777
279,216.4943634468911
280,244.989000887466
281,209.98340400027874
282,79.36076516976799
283,245.6195027371486
284,243.20076866920704
285,146.81287822326888
286,191.45361941280422
287,226.0585168162516
288,219.99241526226737
289,213.39916810915315
290,212.43861332742554
291,70.28521950281717
292,263.397794985298
293,222.82300383388173
294,182.54340425531913
295,4.950726216606129
296,0.0
297,227.64169633272417
298,198.14956415581707
299,298.6913521718401
300,235.4575045544218
301,0.0
302,152.6377387788233
303,188.62314880080706
304,256.5414746058295
305,292.4419171634469
306,132.99025467303892
307,210.00437646617934
308,198.35456976606892
309,235.23274832895632
310,220.13765211851464
311,168.9954156950341
312,227.33357314545293
313,158.10945620991114
314,36.53240638300546
315,230.10256685469344
316,143.15644551112206
317,287.42677772067924
318,164.10178427612533
319,252.12956576030774
320,231.00524114739278
321,189.78556733141374
322,202.8697147119529
323,213.43482210224496
324,158.8957693115028
325,282.38144308600096
326,240.64644851673884
327,223.15041666666664
328,149.88923681604334
329,24.421336322153145
330,209.7190896030482
331,265.1796059661288
332,271.1479247760682
333,179.35982366208694
334,259.7155532350877
335,205.62344606019147
336,156.12151844575686
337,240.00857646074616
338,300.93776641243903
339,154.02008541456445
340,254.4010661603812
341,197.08002700917226
342,154.6635571856907
343,269.8402397319054
344,183.14899270738275
345,233.88163669974546
346,167.68753484118196
347,180.35325804901564
348,206.1423186898
349,290.6800669026773
350,190.23826357306598
351,194.4195680291902
352,199.36839077824908
353,140.1529840394723
354,134.6211347587526
355,251.71696288800217
356,212.68248008071527
357,154.44943648216298
358,198.91109723681708
359,33.80982545791571
360,202.149375
361,35.02223194106439
362,276.0436631607557
363,217.38778063353192
364,266.6856708918259
365,245.11664180676857
366,224.3093884535627
367,277.3979627199806
368,241.5768888030961
369,165.25410134911937
370,269.83738808479654
371,285.36078568306164
372,173.14781744665024
373,243.810977807653
374,160.4371334071578
375,211.6283221901395
376,186.52090171097205
377,256.2712080963883
378,165.3099310511963
379,211.00576791314455
380,54.130691690346794
381,239.35982592761633
382,239.63004743820366
383,243.9450380480718
384,174.7878052849103
385,294.19819697154236
386,190.2460747952235
387,221.7895796333517
388,199.2008995358281
389,243.91483411415575
390,169.30187652293705
391,276.9277058261608
392,87.61524839808249
393,230.7229166666667
394,158.80554879158828
395,44.917166234369255
396,196.5775840076282
397,291.9748235942338
398,252.08526896430834
399,208.99480430764797
400,245.0731051774489
401,266.3138525211561
402,212.65485471321784
403,291.25660214457395
404,316.689483088356
405,174.26894010258619
406,228.1390810546562
407,217.9730721673438
408,216.3861014755586
409,272.29257080198556
410,268.374519433473
411,129.82586483345068
412,14.719989402715862
413,62.422975836438944
414,220.87762512160216
415,197.81239883363202
416,233.79340525813095
417,125.95011075820125
418,244.05349301598207
419,117.08717156432643
420,211.42410080313107
421,214.53904485241182
422,231.54561975341667
423,157.93079998221626
424,259.10003397393524
425,78.34416958379808
426,201.715
427,60.22006808964936
428,8.144382643087216
429,217.81786662057056
430,240.02569137215187
431,223.3513444678038
432,195.65943144691056
433,228.77056220755298
434,271.02855587682245
435,153.06611847608247
436,265.00005686346833
437,305.1905164710989
438,186.96097570421063
439,186.26425837595625
440,181.2453243072586
441,201.4735031147938
442,291.04871633511596
443,194.78372479674127
444,146.909282241864
445,240.87661199144767
446,292.20116856109775
447,242.16712041820946
448,317.19994596276103
449,297.45907086189476
450,192.5778103571044
451,284.3574235520349
452,216.39987290053605
453,219.56677690833013
454,221.83203417977452
455,158.53021040357007
456,208.2069942641774
457,275.47764213298694
458,28.16896577139529
459,211.06562499999998
460,180.76500944991625
461,288.79527858249565
462,175.8870512198809
463,294.3266659622363
464,300.7885818437265
465,232.55815089593005
466,257.2607257432733
467,249.81340108536352
468,159.6839322730872
469,324.3978877260016
470,187.84786528368187
471,141.88009168285188
472,241.5593816450179
473,186.1460118573594
474,65.0635452532433
475,232.89447060728793
476,164.49482787196888
477,102.06782205851036
478,176.57243620741713
479,309.1067907528924
480,227.46744017618457
481,308.76934592516807
482,282.99707872333784
483,143.44465168011203
484,288.8699827445242
485,223.28522677540323
486,240.5453179425662
487,186.6287132434818
488,201.7771830098672
489,152.5883942554354
490,239.80911997988264
491,257.7429672943364
492,177.24104166666666
493,69.24039207522121
494,26.478153104680395
495,166.53689261838298
496,197.94239514907179
497,289.11607633952246
498,208.65942578506997
499,214.5934149940414
500,110.74830851795696
501,48.408593873053874
502,113.7737653319754
503,156.2241031846476
504,191.65837179882752
505,180.57895156525697
506,230.21093005296194
507,204.75943644891763
508,240.41122445161363
509,178.61897715717592
510,224.7701066558165
511,159.8156368450234
512,288.5999870784131
513,198.1482279254245
514,128.04425832411675
515,198.9647478553267
516,74.50789415233109
517,151.02171004529924
518,171.5312789430082
519,205.02416614103268
520,191.52126756215722
521,233.67768567526713
522,200.90014080954708
523,0.0
524,286.1841318659052
525,133.71928571428572
526,254.0943862490406
527,287.470336733301
528,178.90382141652063
529,162.51308694498266
530,287.8156828046942
531,204.75490407331807
532,236.54689670562635
533,143.9838502282134
534,106.21267334126136
535,159.31495156257307
536,192.5373949810069
537,177.5340173769577
538,132.60499775274525
539,126.14624454880841
540,214.07509095589938
541,244.21483447448176
542,201.14117224816823
543,189.582490001733
544,216.89713366371876
545,290.99047412657114
546,232.3474909436242
547,139.10416274143802
548,209.26385687778492
549,84.3892672282063
550,120.84115149200386
551,182.68284042468886
552,212.54602357462574
553,119.14115945507828
554,233.5084037549853
555,222.2776826271463
556,0.0
557,275.0423426269412
558,168.82195652173914
559,97.961147131857
560,305.6179887337007
561,154.41414866036794
562,209.32807375508423
563,112.07750463602474
564,162.51709918415358
565,107.20104054006882
566,40.40421539157923
567,81.21092834212841
568,212.32015554598752
569,0.154645076319815
570,164.80515048599872
571,26.25803735910683
572,127.75887602342402
573,29.906504902099208
574,51.625192516676655
575,48.929018523127105
576,165.4360150717643
577,1.723029297464842
578,201.60485913572376
579,156.2987501039764
580,169.30802992335558
581,0.0
582,65.752589797257
583,103.25376797989807
584,0.0
585,88.01077201694198
586,2.6311795389933064
587,8.207590486236546
588,164.7149899053781
589,6.1198317836588485
590,94.85578440017674
591,111.47812499999999
592,180.65994090791125
593,260.6954685423213
594,11.80562621669279
595,5.80643529262782
596,0.13429890110498408
597,0.0
598,0.8411492144414219
599,4.285992751237972
600,11.705266158461802
601,3.3220555178419686
602,1.1174227053324963
603,5.5877574607696605
604,1.427995251410492
605,1.191665739120567
606,0.0
607,0.6548000255380566
608,4.051712719556894
609,21.56137675853182
610,0.0
611,0.0
612,1.155092219652524
613,1.0665328509322236
614,2.6975846831469665
615,1.4739238805423494
616,0.0
617,4.925128315366459
618,1.1323320915240322
619,1.568623963183375
620,1.2191020573455145
621,40.9870338334249
622,28.992664084434125
623,20.527034539786776
624,78.79729166666667
625,1.9877538924164972
626,15.843726586910739
627,150.6795220307219
628,111.11573469092107
629,168.90881777776553
630,144.76793909316882
631,107.92128020036296
632,142.01394849516527
633,27.404117750084442
634,11.225078714619546
635,5.980175237796258
636,143.85401280842584
637,1.514837102866246
638,108.29027838005125
639,138.8694598487885
640,148.18314478898918
641,43.56448598707592
642,158.28711940539978
643,141.42113036417086
644,135.13662224031626
645,56.23327874959332
646,89.82517646664948
647,1.5191661039401185
648,88.58889847745021
649,106.49106431113746
650,135.99394419246732
651,156.61677318036885
652,122.91278451025235
653,68.31698715112232
654,137.49975967231254
655,79.08619845595607
656,122.84891384790808
657,94.42208333333333
658,122.79817079735741
659,199.19076104510162
660,163.4180799121278
661,2.574140072362151
662,121.22811008540063
663,175.7065533003712
664,5.0412276861595
665,8.219712494389004
666,151.89606585568535
667,215.52927198703037
668,25.67774553323873
669,209.2231745206121
670,13.345253195099952
671,123.38620234426435
672,100.9853766037334
673,28.467804909033315
674,17.914522767033073
675,94.8349705121719
676,6.820276596929885
677,3.186269011588409
678,139.56876968572686
679,132.28146482279334
680,176.6004154713866
681,80.70272164742167
682,119.79555221808957
683,105.84098351914767
684,156.03689698871935
685,129.06651341161654
686,72.8575209996469
687,172.24910257520565
688,57.07601956061561
689,64.08778472129299
690,139.20416666666668
691,178.40639503007972
692,221.35274094827437
693,3.9736330644943125
694,0.0
695,5.491370982550471
696,2.2709905019327743
697,1.253828651491871
698,2.377147859073496
699,3.772606520576096
700,1.062309262720153
701,6.576740144871903
702,3.9814021375723896
703,7.213679595210328
704,0.0
705,3.2681913517559438
706,8.979796217769046
707,1.4925815413026986
708,0.0
709,1.6804982050308048
710,0.0
711,0.65216524048092
712,0.7142532861618579
713,9.469728746919365
714,2.080735478265477
715,0.0
716,7.895322278142535
717,3.495337180745328
718,2.878918869154515
719,0.0
720,3.5403350956427837
721,0.0
722,69.24361702127659
723,3.7422914552218343
724,1.0462248730837083
725,131.4809133908995
726,5.433959593819031
727,111.81905912891887
728,173.15406592369038
729,5.804845517860519
730,6.676394969013492
731,81.71575885825351
732,118.43616261584548
733,25.993000079409466
734,30.064613141925122
735,111.14293139330957
736,2.6848494465983572
737,31.396960681330988
738,100.25735448984207
739,2.6971171293557483
740,20.306881919687097
741,0.5421784613969437
742,178.2538019709842
743,76.57137479101868
744,162.66197369129844
745,44.66364035386697
746,67.63141112698779
747,101.7880403790907
748,0.0
749,12.013825341716473
750,2.7950099038444454
751,10.264051751288598
752,24.561238167728167
753,0.4322300908071165
754,0.0
755,119.88145833333334
756,5.459531191984427
757,4.680486979277146
758,145.55871787904627
759,229.72588917540602
760,161.10046049894152
761,200.90723364058937
762,252.13846748923007
763,1.6269187710940571
764,142.05490144140668
765,144.1136537244385
766,116.7171205332414
767,74.2211577376956
768,113.74811590228134
769,95.93679449257505
770,138.0848664569753
771,162.92652202038977
772,70.48006055944191
773,78.9683002299169
774,132.25172470142212
775,11.856488546328794
776,72.368747920985
777,166.1867374599655
778,147.16872376586076
779,72.20606307021431
780,160.92838919965322
781,53.2102929554243
782,88.22093851487486
783,64.25819843385239
784,160.83744740713212
785,106.3655947189714
786,96.99774221340058
787,141.59174291514555
788,136.65958333333333
789,0.0
790,0.0
791,166.34143543437474
792,195.0105983596332
793,134.86120319741005
794,149.64497835726598
795,227.42692630228672
796,155.64247477327785
797,68.14613854977803
798,10.731420412772426
799,13.104470618006491
800,171.96911849985105
801,137.49356641785047
802,110.17502526812446
803,164.43590767862614
804,186.45270755367423
805,104.12549332812935
806,178.0951066938208
807,0.0
808,60.383390223955644
809,161.23959324248295
810,77.22038263287571
811,187.2783875452369
812,109.94963756079979
813,72.18943277747442
814,71.27728678313967
815,150.6870863318739
816,135.51056079769978
817,47.88291953842112
818,178.23479655876355
819,53.05703810116213
820,89.17590025705094
821,78.10770833333333
822,168.84353161577695
823,241.34180283196756
824,170.11573814881717
825,240.86015446658212
826,175.42537006659705
827,162.63754074040202
828,239.20945283082565
829,48.363485864593216
830,62.73295703312
831,196.93297627782692
832,42.40789454471691
833,56.2227392085898
834,163.80353842490476
835,133.80098995185585
836,143.43160635414134
837,168.11250537497753
838,130.64351804431095
839,183.61432747760938
840,0.06643633003011361
841,186.40169728027638
842,194.2394362238483
843,149.66867062737984
844,166.6176301644775
845,87.57999639262862
846,96.79978195559225
847,141.84124511419154
848,143.0615027809002
849,167.12243032266494
850,182.4152846204517
851,171.08190458985283
852,110.12057162625402
853,125.54249017686024
854,65.43916666666667
855,0.0
856,5.622448143836247
857,194.89189529729637
858,254.97680838048714
859,159.7810033582519
860,79.220738282417
861,106.94632019148091
862,120.47734644982445
863,116.82430702025474
864,119.88565679961667
865,98.44798262004747
866,145.79031311871094
867,86.68822622600824
868,94.72136172727576
869,134.03545042365107
870,186.4687748084819
871,148.6032317881009
872,199.7761966541569
873,157.27332484996379
874,203.10294459954662
875,150.78201072370987
876,155.68720389086525
877,173.5070448771782
878,95.51334685113444
879,115.4285816330151
880,67.83340178414693
881,154.35880106222555
882,163.40406624362905
883,101.43670239594941
884,168.567516339098
885,85.27111093550424
886,70.56323188981457
887,76.47909090909091
888,158.02697454758965
889,198.0591192117356
890,209.19320508908976
891,238.27535111212325
892,138.11599240860724
893,87.32549274650447
894,0.0
895,13.172636952502543
896,104.77863753641948
897,22.323790660741455
898,61.193228522639785
899,176.25535690047485
900,187.82864303726393
901,107.72586833898086
902,166.67408117269892
903,183.624922880249
904,113.13425099073693
905,176.42952098739494
906,0.0
907,182.7783601728062
908,183.91495569390113
909,133.94108798142372
910,146.20900041910608
911,103.7216117930737
912,72.68992501222837
913,133.61443063050632
914,141.74820947670887
915,91.60625450330804
916,76.09015030131927
917,164.761757106866
918,51.7338520587248
919,91.3614123384074
920,110.43437499999999
921,115.9003031362899
922,185.45297972055238
923,0.0
924,86.20992737000377
925,133.09088522163583
926,0.0
927,52.3597859818413
928,74.72340144823178
929,0.0
930,53.77867754540525
931,0.0
932,4.785417750605534
933,44.02623912148386
934,37.30712300008522
935,0.40034562599754137
936,38.008527764147445
937,0.912802510881626
938,1.0635930657979435
939,0.7322940663791837
940,103.14746848125144
941,0.0
942,111.9571811732468
943,135.19640679943663
944,0.0
945,120.97698511094654
946,128.36662157419687
947,4.322637211942486
948,75.48164160694776
949,110.84707227692259
950,0.0
951,8.450443468445476
952,0.2196136365059389
953,4.01751909899575
954,8.76932362778928
955,1.09011204335081
956,0.0
957,0.0
958,42.621266213962954
959,10.877526010021004
960,39.74649623288758
961,5.093659273194526
962,0.0
963,0.0
964,86.35671740309827
965,4.6098351256626655
966,101.53338829174609
967,111.19411165133211
968,4.023124999999993
969,112.09799859334194
970,115.47384943893493
971,0.0
972,39.27381092905768
973,125.743062049537
974,0.3341227865797755
975,65.70522711098162
976,46.992699977117226
977,0.0
978,46.686930418276816
979,10.933754609536187
980,5.688718808800532
981,0.0
982,4.836729146393102
983,0.3879737785851038
984,6.58099764448554
985,6.476503796519593
986,0.0
987,3.780945249148597
988,98.15025480995669
989,3.734997952662998
990,72.39464084088004
991,95.35680409691975
992,3.896046511627907
993,98.253160338208
994,92.05719819886471
995,253.47398805178318
996,16.15909413445107
997,162.79847599077414
998,226.60538778578552
999,239.91712130233208
1000,230.26477723222501
1001,209.4506241102377
1002,256.1477493814226
1003,215.38171463713223
1004,244.88503312987905
1005,220.79772434176138
1006,256.6652771177691
1007,260.9150057157099
1008,251.35488821090013
1009,285.4556692727997
1010,262.50313588445346
1011,249.84231096707418
1012,290.54144390137924
1013,244.43379485232708
1014,281.1681942516951
1015,311.92184208764644
1016,220.93791666666667
1017,282.22593147159193
1018,303.4921149575001
1019,238.00184619067514
1020,231.83154461034033
1021,242.1856376117721
1022,176.53581386982378
1023,281.57317561708936
1024,198.25168776221147
1025,222.00716071718256
1026,236.785079690049
1027,201.45511561759673
1028,273.46186105324915
1029,229.79747332536567
1030,247.23322247919032
1031,257.95946971203705
1032,285.39555119759336
1033,271.7288774943707
1034,280.7119390447562
1035,272.8216826228177
1036,272.77798652991703
1037,284.99182797427557
1038,293.781509015714
1039,266.2394233410547
1040,182.19979166666667
1041,89.04280156242564
1042,257.8809654986093
1043,259.443516987404
1044,291.55505524589114
1045,250.17720003384073
1046,223.37892513753914
1047,284.9640992449929
1048,308.1279274658633
1049,224.82704223096192
1050,185.46654332310914
1051,283.3175352220877
1052,241.6301750012206
1053,185.16447698047574
1054,275.52186964935044
1055,247.95160432334734
1056,226.67137728105445
1057,290.55457107243626
1058,256.47373877664666
1059,259.3925992706825
1060,292.5529501734121
1061,260.0411092568296
1062,285.86514664950624
1063,266.83614236422886
1064,208.19179487179485
1065,278.67576828829704
1066,263.9405855012461
1067,274.1255751961938
1068,288.0993968150549
1069,205.5007517722475
1070,250.6315012935871
1071,190.54234345518836
1072,291.55521745164185
1073,150.90562139526816
1074,269.80951057107046
1075,204.62806483743148
1076,269.10428138277035
1077,238.79136501064522
1078,254.95051577808326
1079,276.3729931036731
1080,209.28324279701891
1081,271.6152182197703
1082,254.3437334986758
1083,243.4628098671272
1084,313.1885675852134
1085,265.40024605013906
1086,270.79565930613336
1087,278.747023591343
1088,226.05020833333333
1089,267.28790755364787
1090,262.3594262301106
1091,278.9431305687972
1092,277.07163852492283
1093,164.73058909237687
1094,268.8044824383992
1095,207.7412598076243
1096,279.38024266670936
1097,257.57275493751075
1098,230.84674935788016
1099,294.5161213385969
1100,259.89465854627895
1101,211.21911037903365
1102,279.9427803133446
1103,203.62305233258598
1104,298.23473430590997
1105,174.4014423835552
1106,264.94953402010736
1107,295.6489679375889
1108,282.24722612300843
1109,246.46181575200012
1110,239.1926792346501
1111,315.6663065416668
1112,232.13625
1113,256.5242747949691
1114,310.07814166247624
1115,271.74280996308465
1116,261.9136102267486
1117,228.8451229878806
1118,230.0887292938934
1119,254.11962017329506
1120,315.7567585206494
1121,212.43478078097473
1122,184.87531418630905
1123,238.69585696701293
1124,206.32506129400798
1125,118.70536590577376
1126,169.3177193709287
1127,250.45156676611577
1128,255.02770468631292
1129,242.2169558386201
1130,241.2151715462156
1131,259.91059266731554
1132,321.5890342408844
1133,248.79647029934708
1134,279.16823346370194
1135,290.1422672495245
1136,182.54340425531913
1137,258.16844863054183
1138,270.4368283172341
1139,218.85346851147796
1140,245.62842042947727
1141,224.26410318123703
1142,247.8525184068347
1143,177.6389230161251
1144,260.09036971099124
1145,218.79147515640693
1146,289.0932806467416
1147,183.70138727126684
1148,240.3077207264233
1149,228.4489416977533
1150,264.30535072040306
1151,258.06171080131793
1152,300.2727172063183
1153,243.4079717378611
1154,242.96737287730988
1155,291.18974799560186
1156,271.74115799881844
1157,257.79956440639705
1158,175.35944675367676
1159,97.60782708316128
1160,223.15041666666664
1161,319.65425260933387
1162,301.23185744180626
1163,265.48833435917453
1164,256.7246751842566
1165,273.7378881253281
1166,159.8443742816994
1167,175.52945594828785
1168,271.3809937350781
1169,154.75654807757374
1170,222.39149890943327
1171,142.9691020126097
1172,217.91743698038937
1173,236.04937171652335
1174,285.1290736080138
1175,247.89532148471784
1176,244.6616692905273
1177,228.95326956311987
1178,217.95129702099342
1179,267.6058237070964
1180,264.8419186017892
1181,252.07425276841633
1182,244.45009537821983
1183,313.01797635108204
1184,202.149375
1185,282.26577214228826
1186,288.61412208717553
1187,284.93339927287866
1188,271.1166080207429
1189,194.48023607630412
1190,231.06351141087697
1191,319.59074198841523
1192,131.43435896990178
1193,225.51078409831956
1194,283.95626098931575
1195,236.85709267106205
1196,270.44239845907106
1197,197.6648519513215
1198,281.2932304329107
1199,263.4272629763344
1200,254.13032224273684
1201,298.38008372553753
1202,230.11604475669265
1203,316.7373451951912
1204,321.1152514737703
1205,247.95308905542515
1206,227.87420036352978
1207,324.868223956693
1208,230.7229166666667
1209,292.1426222172001
1210,322.020006338137
1211,261.1567692235616
1212,263.6462093777576
1213,235.53056488041392
1214,170.8498943273706
1215,247.71969144774425
1216,148.62270327307144
1217,209.07016252664062
1218,265.65240724137954
1219,205.08412754851253
1220,236.7724535198642
1221,194.98652125264263
1222,247.7509625911477
1223,240.04324848536567
1224,284.201669209633
1225,264.8249885688142
1226,222.13343258572635
1227,259.90737324811045
1228,288.7523929500651
1229,232.63168766337236
1230,250.4770708784632
1231,312.58184133142476
1232,201.715
1233,310.48799513684264
1234,286.93793447247606
1235,229.63203000441817
1236,290.6869560091007
1237,221.41890510665718
1238,240.21604133660554
1239,176.90956333023442
1240,134.4558541350085
1241,229.950690833091
1242,164.33040496008374
1243,194.67812385093802
1244,230.98860826075065
1245,251.0873104718336
1246,258.4399136603001
1247,241.80088034163964
1248,289.01394271814706
1249,241.16887421859656
1250,252.75839528523952
1251,300.6219476880088
1252,262.36403784955485
1253,254.70304455377155
1254,286.40758085269096
1255,271.03508014691283
1256,211.06562499999998
1257,309.8057463873648
1258,331.2356300098204
1259,212.02811797308215
1260,279.0807262507706
1261,185.30495068383283
1262,188.5259012825269
1263,255.30643684287347
1264,279.8408913140364
1265,220.87007348268972
1266,270.74307815638747
1267,183.08544902386035
1268,225.0305292528813
1269,200.15304319478543
1270,269.9372387543973
1271,278.06991801187235
1272,45.39082837596418
1273,151.00220555600026
1274,238.36178548642792
1275,305.1969290782886
1276,283.9057825936467
1277,227.86063679848863
1278,282.2744021532502
1279,264.10861547384746
1280,177.24104166666666
1281,295.79729731054016
1282,294.2853070172285
1283,184.77001886532423
1284,174.7837835486437
1285,170.21048782992835
1286,233.56999847504386
1287,306.18091661606456
1288,117.85279502631117
1289,236.54059044622028
1290,313.0214568220825
1291,211.73376272260367
1292,232.8599786877534
1293,236.1866034440941
1294,276.97847692693915
1295,110.00388187212059
1296,316.3187731728853
1297,308.9270870715294
1298,174.22605013331477
1299,287.2181048168337
1300,118.8779678900856
1301,91.71485620179267
1302,225.43954528691697
1303,0.09304138865732696
1304,157.4742857142857
1305,0.0
1306,0.0
1307,200.6036061441182
1308,211.69217176866587
1309,176.9297337503828
1310,224.055973027996
1311,298.1676243739923
1312,175.42699126467033
1313,205.9431661816778
1314,312.8396414705902
1315,222.4108277229438
1316,231.48464970216887
1317,202.36896338775267
1318,263.71464184430755
1319,133.01964236474933
1320,306.0586824587933
1321,301.1516178189435
1322,177.08997428416632
1323,264.61320423229023
1324,141.42409530630735
1325,30.680378847832422
1326,75.85024784763041
1327,0.0
1328,133.71928571428572
1329,49.780018938203874
1330,0.6679705061178016
1331,169.5720988743075
1332,216.62179324414743
1333,209.2591100092631
1334,151.06681974404563
1335,243.17826328677415
1336,96.52739123846517
1337,171.10689565199633
1338,139.71952876385785
1339,169.66668000015164
1340,227.0417734416269
1341,127.07658806747516
1342,256.991352499506
1343,132.98216917293922
1344,258.79001816569627
1345,310.52664486031364
1346,199.802695684349
1347,296.0018934288699
1348,143.71654738566426
1349,73.66707895517018
1350,212.7574971172915
1351,0.0
1352,168.82195652173914
1353,0.0
1354,5.676626865590906
1355,75.42654854118862
1356,180.25343455653558
1357,163.0384752027014
1358,105.33589488199823
1359,225.11725730092994
1360,9.507697663758247
1361,147.37572444668805
1362,289.34328844120404
1363,155.0925187771837
1364,141.35166998925303
1365,115.5852946171585
1366,176.97878821367686
1367,75.32647841498544
1368,154.31995412795408
1369,230.5988360624418
1370,219.04616353047976
1371,162.76390461682726
1372,208.5074005935466
1373,64.5158071889162
1374,47.67921466334698
1375,111.3783823249928
1376,111.47812499999999
1377,7.531255331727995
1378,0.9665417725561175
1379,135.88734138842437
1380,212.25496977467088
1381,172.06501343257864
1382,156.61772832217736
1383,121.84782020482041
1384,232.02831598827007
1385,40.135043152266526
1386,9.669211767871854
1387,23.452946119202636
1388,146.83478283109088
1389,10.216360462457372
1390,179.37364710437515
1391,105.77539465177843
1392,134.73676651332212
1393,212.60449740150315
1394,177.47037496871917
1395,155.37343767366605
1396,186.43174577549354
1397,141.11680542516385
1398,196.70457587713344
1399,259.85800999715104
1400,78.79729166666667
1401,266.71325029489554
1402,127.54507462899429
1403,136.1253959814936
1404,11.784410145017997
1405,53.66781994395569
1406,131.80688090066107
1407,209.42664285870688
1408,3.969072735530665
1409,162.15487288259908
1410,194.06747075771355
1411,162.48674727386788
1412,129.11711922974501
1413,117.31837852433364
1414,170.55418538665248
1415,124.17850275162746
1416,129.08397100359457
1417,239.1469506120157
1418,136.6060188491001
1419,265.70155612116423
1420,175.2982331193882
1421,47.56236982455757
1422,41.88043229622459
1423,129.24817065545375
1424,94.42208333333333
1425,2.659223557071046
1426,2.125460372803809
1427,134.0000303248491
1428,216.95766469846043
1429,184.13519759519255
1430,108.52824456213493
1431,263.5385891969711
1432,285.5692123016622
1433,136.49154599095277
1434,118.60639563858501
1435,60.569558339230845
1436,106.44551458072894
1437,222.48192284355545
1438,158.0530358956792
1439,98.2798223919347
1440,221.06342244157963
1441,229.67683738261053
1442,220.80978570463134
1443,238.95101950418498
1444,192.86730251102443
1445,168.66556699862812
1446,228.59413967185975
1447,275.83811146982464
1448,139.20416666666668
1449,267.42052969868337
1450,108.69035235701267
1451,47.95808164221711
1452,224.57023758985474
1453,111.69660804697862
1454,182.27226852905795
1455,233.30859737929913
1456,276.9655663508932
1457,175.24842545362304
1458,232.93273410258075
1459,166.8256658920443
1460,143.76616535247405
1461,133.54748481625316
1462,212.33520335358858
1463,49.11583440898595
1464,87.14912685669239
1465,236.645984133436
1466,123.93334518057156
1467,278.1188354421565
1468,247.466589701863
1469,202.92585228723468
1470,266.97314071422556
1471,257.62145413394535
1472,69.24361702127659
1473,275.9663556732204
1474,132.15636704781602
1475,53.41109393905327
1476,207.28294930861125
1477,162.74046299576312
1478,120.13630023259074
1479,133.443759384118
1480,6.622816456044584
1481,150.43019509362946
1482,219.19872069322741
1483,244.4419949707081
1484,34.26053684465857
1485,195.9711585418908
1486,134.2895505584812
1487,67.32000448738155
1488,210.28904461045968
1489,240.3186230315229
1490,190.8491387561936
1491,263.77658234984364
1492,261.03239007498576
1493,86.25762157002445
1494,239.2975610468602
1495,269.6691559443426
1496,119.88145833333334
1497,1.2164485762890347
1498,0.0
1499,202.746228611849
1500,224.7506859286229
1501,235.97507537351126
1502,227.5911021838224
1503,21.41435503354573
1504,215.12576012645428
1505,135.9283079480298
1506,173.30536376413323
1507,238.2521069644381
1508,213.61325247725517
1509,8.857267934344843
1510,174.1324243914115
1511,112.44669263903737
1512,219.07439297762357
1513,100.89471830937057
1514,131.0110143348427
1515,274.095110370793
1516,82.7863848872805
1517,182.78210369698763
1518,13.502046523815704
1519,126.33626955165316
1520,136.65958333333333
1521,2.2005799582844463
1522,3.6910107126451734
1523,168.15276778364327
1524,243.14410139792471
1525,250.02881641815443
1526,190.80447948347805
1527,176.84929111928162
1528,224.72019325987776
1529,39.17106840864018
1530,0.0
1531,0.0
1532,167.03071013006863
1533,3.708551047466984
1534,179.66944311183047
1535,146.89085303023347
1536,110.24354394261691
1537,133.87442219972039
1538,137.07934924929447
1539,288.3901115556158
1540,102.58689504571484
1541,202.5087322789277
1542,252.37061340216582
1543,93.90490300537763
1544,61.986976744186045
1545,2.0382151453573933
1546,3.15869652261903
1547,12.012786596931505
1548,1.079000457701969
1549,2.5112636305398626
1550,0.0
1551,1.0644507094796372
1552,0.7107076891051701
1553,78.10770833333333
1554,12.962803017852107
1555,78.10770833333333
1556,71.27666666666667
1557,17.673835623405175
1558,22.22237203482892
1559,10.563036229438444
1560,4.220620895391702
1561,11.637492075948478
1562,0.0033601813661087387
1563,4.8534679531140466
1564,11.286294891742957
1565,0.8265683454045332
1566,0.3479358562448053
1567,78.10770833333333
1568,0.5807549163132754
1569,2.807014036284619
1570,5.578019666322432
1571,0.0
1572,4.016742232986235
1573,11.208767238179892
1574,1.0876692109020816
1575,3.3133948044389547
1576,14.915901698785262
1577,1.1477825229919958
1578,0.0
1579,10.370087346974305
1580,0.0
1581,4.250103603951414
1582,65.43916666666667
1583,0.0
1584,78.09156862745098
1585,65.43916666666667
1586,59.876666666666665
1587,78.09156862745098
1588,65.43916666666667
1589,59.876666666666665
1590,78.09156862745098
1591,65.43916666666667
1592,3.9168539916245835
1593,10.510471038307784
1594,9.024273859108495
1595,5.63147654015443
1596,3.501267197156544
1597,21.956588624818615
1598,1.2413095337667157
1599,4.373850080806899
1600,27.802013953194525
1601,0.26204359093126883
1602,0.0
1603,7.528356431151235
1604,2.2157646486511835
1605,7.519866462717751
1606,13.866805450965973
1607,2.1442059603750097
1608,2.919378048498449
1609,14.964058968530534
1610,0.0
1611,2.780394813296005
1612,10.51676521936282
1613,3.283305129655447
1614,1.279903977685335
1615,76.47909090909091
1616,2.808454590267605
1617,2.358663309595995
1618,172.56802827061156
1619,225.25683467203288
1620,247.59614156892206
1621,197.29235031596735
1622,29.9972255971612
1623,230.91808579277227
1624,193.06768028797688
1625,144.4744751335663
1626,281.45213642858914
1627,68.58671894166227
1628,206.5716730323937
1629,125.97764413478833
1630,129.54741629701215
1631,70.98837195146065
1632,103.50528603475456
1633,106.20486018504384
1634,274.05178411463964
1635,90.55967849016554
1636,198.69939610634808
1637,236.54415193616086
1638,158.74432986196578
1639,110.43437499999999
1640,0.0
1641,1.8821984596978463
1642,6.8529079023733415
1643,146.52490402193783
1644,53.87282560268689
1645,34.334701728317896
1646,146.52490402193783
1647,58.675009195294045
1648,134.58234403598394
1649,85.51765108848264
1650,4.85416612849935
1651,1.791943147436592
1652,2.9152205568270757
1653,23.422676161205697
1654,17.211125473115903
1655,155.9707295623078
1656,135.7526974955371
1657,132.04632564028014
1658,10.75993544019773
1659,18.94682988313558
1660,2.058377612116284
1661,50.275698052486106
1662,3.925633686686743
1663,156.5419930637883
1664,283.30106487065143
1665,28.72985375312968
1666,245.75546509244896
1667,131.0275757681757
1668,271.0312794135135
1669,139.99658657814206
1670,252.61934692244003
1671,208.3048316981147
1672,145.9916231701588
1673,131.95356554406382
1674,146.52490402193783
1675,297.9849106799728
1676,129.94488857449502
1677,146.52490402193783
1678,302.49840137249066
1679,290.9046861742997
1680,102.80690965948062
1681,231.04163058656232
1682,185.49470432802636
1683,0.8974553513547372
1684,136.02629910634928
1685,120.0827012810367
1686,148.42082708134905
1687,141.25324214467182
1688,152.41887139060537
1689,97.90338864075534
1690,97.98118843046544
1691,0.36900828454559814
1692,309.4589974961424
1693,285.93325641367863
1694,293.5955752579615
1695,308.8887682198623
1696,239.07254687463742
1697,285.54907938726376
1698,285.5376507192248
1699,295.37743111890666
1700,323.50766676059334
1701,240.082928095039
1702,150.47879588934597
1703,268.7557472912587
1704,0.0
1705,146.52490402193783
1706,168.16064980771705
1707,0.0
1708,146.52490402193783
1709,150.986649060416
1710,212.04293255515682
1711,2.133393142805636
1712,75.24357461903121
1713,157.6945398048718
1714,16.69434392758628
1715,181.32341277763862
1716,125.33056959190003
1717,102.63820172056867
1718,158.3047600787952
1719,145.08715538650117
1720,92.98650075693078
1721,131.6918659307384
1722,11.707329554227083
1723,270.00446299142885
1724,276.4954828398762
1725,246.21172601488837
1726,269.96774106377813
1727,252.46610797467173
1728,240.36233033555473
1729,261.52314195694515
1730,253.10400178795936
1731,267.6001167760252
1732,271.61327828055965
1733,266.78806018644883
1734,253.74713129949646
